Index,8 Backcandles,15 Backcandles,30 Backcandles,60 Backcandles,180 Backcandles,Actual Price
0,"2,064.00","2,080.61","2,089.48","2,101.61","2,158.68","2,111.63"
1,"2,068.80","2,087.86","2,093.93","2,117.32","2,170.75","2,105.45"
2,"2,075.79","2,101.02","2,104.01","2,103.40","2,175.54","2,109.72"
3,"2,088.76","2,097.01","2,061.43","2,103.27","2,173.70","2,120.87"
4,"2,084.02","2,101.13","2,075.39","2,108.97","2,161.72","2,089.72"
5,"2,088.19","2,110.59","2,094.23","2,105.59","2,165.64","2,105.69"
6,"2,097.23","2,073.29","2,125.13","2,085.97","2,143.54","2,118.64"
7,"2,059.63","2,082.28","2,139.64","2,102.46","2,139.33","2,152.15"
8,"2,071.51","2,098.04","2,127.01","2,133.32","2,164.87","2,163.49"
9,"2,087.96","2,127.16","2,130.12","2,142.22","2,109.66","2,150.65"
10,"2,116.64","2,143.44","2,136.90","2,133.73","2,089.31","2,154.45"
11,"2,131.06","2,134.58","2,132.66","2,132.17","2,134.68","2,157.79"
12,"2,120.70","2,136.73","2,111.72","2,126.13","2,126.55","2,151.42"
13,"2,122.98","2,141.91","2,127.25","2,063.70","2,089.38","2,135.51"
14,"2,128.53","2,137.91","2,154.96","2,081.45","2,043.74","2,152.96"
15,"2,124.81","2,119.10","2,162.07","2,059.79","2,056.07","2,182.14"
16,"2,105.87","2,131.15","2,155.26","2,086.70","2,050.34","2,181.45"
17,"2,119.60","2,156.26","2,157.32","2,120.54","2,072.36","2,175.88"
18,"2,145.10","2,165.40","2,153.14","2,128.65","2,088.05","2,182.29"
19,"2,153.10","2,161.67","2,089.10","2,141.43","2,113.04","2,175.72"
20,"2,147.91","2,164.30","2,106.32","2,148.96","2,123.91","2,118.69"
21,"2,150.01","2,160.35","2,078.09","2,159.29","2,144.08","2,141.59"
22,"2,147.22","2,102.75","2,102.26","2,160.54","2,154.18","2,101.36"
23,"2,089.13","2,112.27","2,132.46","2,159.82","2,168.45","2,135.96"
24,"2,102.83","2,086.57","2,141.01","2,162.75","2,148.04","2,167.40"
25,"2,076.45","2,107.56","2,158.90","2,172.01","2,149.71","2,169.17"
26,"2,098.83","2,136.32","2,172.21","2,174.38","2,171.51","2,193.79"
27,"2,128.29","2,147.63","2,188.12","2,169.68","2,163.45","2,204.27"
28,"2,138.10","2,165.68","2,193.72","2,155.63","2,150.34","2,221.94"
29,"2,154.84","2,178.44","2,196.24","2,158.47","2,152.13","2,221.11"
30,"2,166.99","2,192.80","2,201.45","2,137.69","2,180.79","2,221.30"
31,"2,180.86","2,197.93","2,211.36","2,134.09","2,176.58","2,226.41"
32,"2,185.37","2,200.22","2,212.90","2,159.93","2,162.37","2,237.63"
33,"2,187.12","2,205.01","2,208.39","2,109.90","2,162.97","2,235.17"
34,"2,191.73","2,214.24","2,194.10","2,094.07","2,179.71","2,232.22"
35,"2,200.95","2,216.41","2,195.69","2,142.02","2,205.37","2,221.43"
36,"2,203.25","2,213.68","2,171.84","2,139.88","2,209.07","2,220.92"
37,"2,199.77","2,201.59","2,166.54","2,108.22","2,208.50","2,199.81"
38,"2,187.82","2,201.97","2,190.28","2,068.59","2,217.64","2,201.06"
39,"2,189.78","2,180.66","2,137.17","2,084.16","2,234.35","2,224.34"
40,"2,168.45","2,175.42","2,123.02","2,084.99","2,244.06","2,167.41"
41,"2,163.26","2,196.53","2,169.15","2,109.58","2,259.15","2,159.32"
42,"2,186.04","2,151.83","2,164.61","2,125.63","2,257.31","2,211.99"
43,"2,139.94","2,137.00","2,136.38","2,146.89","2,283.28","2,192.40"
44,"2,126.48","2,175.49","2,102.84","2,151.99","2,303.95","2,160.30"
45,"2,167.62","2,174.19","2,123.53","2,163.90","2,295.31","2,127.84"
46,"2,165.22","2,151.21","2,124.51","2,166.22","2,276.70","2,167.79"
47,"2,139.96","2,121.29","2,149.67","2,172.28","2,295.65","2,154.68"
48,"2,108.75","2,137.97","2,166.32","2,146.48","2,283.01","2,187.95"
49,"2,127.71","2,138.61","2,188.69","2,143.57","2,303.33","2,200.69"
50,"2,130.43","2,160.80","2,195.99","2,162.62","2,314.08","2,227.30"
51,"2,153.33","2,176.36","2,209.62","2,154.76","2,310.76","2,229.54"
52,"2,168.44","2,196.69","2,211.49","2,143.50","2,300.23","2,246.02"
53,"2,187.76","2,204.11","2,216.50","2,147.62","2,300.14","2,240.17"
54,"2,193.53","2,216.05","2,187.68","2,179.25","2,269.28","2,246.58"
55,"2,204.81","2,217.28","2,182.62","2,181.01","2,263.37","2,210.11"
56,"2,205.93","2,221.51","2,195.97","2,173.35","2,232.54","2,210.52"
57,"2,209.36","2,196.10","2,181.97","2,181.10","2,226.52","2,225.27"
58,"2,183.47","2,190.21","2,167.21","2,204.22","2,237.69","2,205.71"
59,"2,178.24","2,200.91","2,170.45","2,235.01","2,258.97","2,190.38"
60,"2,190.53","2,189.90","2,200.43","2,242.46","2,230.98","2,202.46"
61,"2,178.95","2,177.31","2,201.81","2,242.57","2,203.93","2,238.66"
62,"2,166.47","2,180.64","2,197.50","2,250.04","2,156.11","2,233.01"
63,"2,169.65","2,207.63","2,207.92","2,263.15","2,178.76","2,228.29"
64,"2,198.39","2,211.53","2,232.48","2,268.15","2,224.66","2,238.17"
65,"2,201.35","2,209.16","2,262.62","2,276.84","2,232.78","2,266.38"
66,"2,198.01","2,217.44","2,270.88","2,268.79","2,219.76","2,296.07"
67,"2,207.02","2,238.74","2,274.17","2,287.21","2,205.41","2,296.28"
68,"2,228.40","2,265.45","2,284.24","2,301.43","2,230.36","2,297.68"
69,"2,255.68","2,274.71","2,298.30","2,287.38","2,238.76","2,309.15"
70,"2,262.95","2,278.80","2,303.66","2,265.33","2,262.97","2,325.64"
71,"2,265.47","2,287.74","2,312.72","2,282.43","2,263.57","2,326.24"
72,"2,274.09","2,300.40","2,304.34","2,272.07","2,268.21","2,335.79"
73,"2,286.69","2,306.14","2,322.69","2,294.37","2,272.70","2,326.26"
74,"2,292.22","2,314.95","2,335.35","2,308.51","2,276.34","2,352.80"
75,"2,300.99","2,308.42","2,320.75","2,308.78","2,276.65","2,360.09"
76,"2,294.31","2,324.28","2,299.40","2,302.46","2,277.79","2,346.20"
77,"2,310.82","2,336.35","2,316.12","2,307.01","2,260.80","2,328.94"
78,"2,323.03","2,325.33","2,302.20","2,283.19","2,280.69","2,351.31"
79,"2,311.01","2,306.49","2,322.94","2,284.40","2,284.45","2,331.97"
80,"2,292.31","2,319.53","2,336.10","2,261.74","2,284.79","2,358.52"
81,"2,306.88","2,307.68","2,338.61","2,262.90","2,276.53","2,364.98"
82,"2,295.29","2,325.69","2,337.00","2,278.74","2,287.75","2,364.27"
83,"2,314.23","2,338.74","2,346.61","2,300.99","2,295.67","2,361.68"
84,"2,327.07","2,343.30","2,327.03","2,271.47","2,299.64","2,374.42"
85,"2,330.24","2,343.25","2,331.61","2,240.73","2,288.90","2,356.67"
86,"2,329.58","2,352.18","2,309.92","2,191.97","2,268.41","2,361.39"
87,"2,338.51","2,335.76","2,311.02","2,213.31","2,269.11","2,343.64"
88,"2,321.95","2,338.34","2,325.49","2,256.30","2,233.88","2,343.24"
89,"2,325.82","2,319.27","2,346.87","2,258.93","2,275.35","2,358.35"
90,"2,306.07","2,318.63","2,318.99","2,238.50","2,301.67","2,376.85"
91,"2,307.27","2,331.46","2,292.91","2,217.00","2,303.16","2,350.59"
92,"2,320.08","2,351.78","2,245.45","2,236.99","2,314.86","2,332.30"
93,"2,340.80","2,329.72","2,264.65","2,243.60","2,323.07","2,280.21"
94,"2,317.29","2,306.30","2,301.11","2,265.88","2,324.93","2,306.15"
95,"2,293.28","2,262.11","2,301.94","2,265.41","2,323.37","2,342.65"
96,"2,249.58","2,274.98","2,285.67","2,269.55","2,322.46","2,336.13"
97,"2,265.57","2,307.14","2,271.48","2,274.91","2,333.95","2,318.11"
98,"2,299.34","2,311.93","2,294.62","2,280.66","2,353.57","2,311.00"
99,"2,302.59","2,299.97","2,301.05","2,284.04","2,350.05","2,336.71"
100,"2,289.06","2,287.90","2,323.15","2,289.05","2,358.42","2,334.96"
101,"2,275.57","2,306.25","2,322.93","2,276.52","2,326.18","2,357.90"
102,"2,296.39","2,311.79","2,328.17","2,300.91","2,361.46","2,352.70"
103,"2,302.31","2,331.21","2,333.13","2,309.77","2,386.15","2,358.94"
104,"2,321.85","2,332.20","2,337.24","2,313.88","2,379.17","2,362.27"
105,"2,321.46","2,337.07","2,337.99","2,309.10","2,381.83","2,364.53"
106,"2,325.54","2,341.23","2,340.36","2,323.04","2,370.22","2,363.89"
107,"2,329.49","2,344.69","2,325.10","2,332.92","2,345.32","2,366.40"
108,"2,332.94","2,345.36","2,345.86","2,337.39","2,294.67","2,355.90"
109,"2,333.55","2,347.74","2,350.48","2,326.32","2,332.43","2,376.97"
110,"2,335.72","2,335.08","2,352.35","2,305.87","2,356.95","2,377.17"
111,"2,322.39","2,352.36","2,346.25","2,307.48","2,354.77","2,379.07"
112,"2,341.28","2,357.78","2,359.06","2,275.45","2,363.26","2,373.89"
113,"2,346.29","2,360.84","2,367.90","2,318.33","2,357.42","2,385.80"
114,"2,348.72","2,356.03","2,372.57","2,345.55","2,327.52","2,391.97"
115,"2,343.88","2,366.85","2,362.48","2,345.30","2,321.00","2,395.83"
116,"2,355.10","2,375.45","2,342.29","2,352.95","2,329.38","2,389.30"
117,"2,363.32","2,380.86","2,342.51","2,357.36","2,315.94","2,377.09"
118,"2,368.13","2,372.78","2,305.30","2,355.89","2,318.32","2,377.00"
119,"2,359.80","2,354.20","2,343.59","2,352.06","2,346.06","2,347.52"
120,"2,341.47","2,352.12","2,365.66","2,349.66","2,349.46","2,379.78"
121,"2,340.72","2,318.13","2,366.21","2,359.62","2,377.10","2,392.76"
122,"2,306.80","2,348.66","2,379.61","2,376.86","2,395.54","2,390.80"
123,"2,339.86","2,370.43","2,390.77","2,369.83","2,403.93","2,405.42"
124,"2,360.84","2,374.75","2,396.41","2,373.87","2,413.08","2,414.54"
125,"2,363.43","2,388.37","2,398.49","2,338.38","2,423.63","2,419.44"
126,"2,376.17","2,399.36","2,400.35","2,371.82","2,433.77","2,420.01"
127,"2,386.73","2,405.23","2,412.49","2,396.05","2,437.13","2,421.14"
128,"2,391.94","2,407.15","2,430.22","2,387.54","2,433.73","2,432.37"
129,"2,393.75","2,408.42","2,424.00","2,388.79","2,393.61","2,448.87"
130,"2,395.08","2,418.64","2,429.49","2,377.58","2,348.54","2,444.61"
131,"2,405.51","2,434.66","2,393.12","2,356.08","2,342.12","2,450.24"
132,"2,421.55","2,430.96","2,423.27","2,313.69","2,370.22","2,428.86"
133,"2,416.89","2,435.95","2,440.74","2,361.48","2,394.46","2,457.65"
134,"2,422.23","2,404.15","2,427.74","2,397.34","2,394.37","2,464.36"
135,"2,390.00","2,426.79","2,427.40","2,403.57","2,388.04","2,452.80"
136,"2,415.71","2,442.25","2,415.35","2,417.03","2,353.38","2,451.69"
137,"2,431.08","2,432.79","2,391.92","2,415.23","2,369.22","2,443.68"
138,"2,420.18","2,432.33","2,346.40","2,388.77","2,385.83","2,426.42"
139,"2,419.74","2,422.04","2,389.13","2,385.29","2,386.12","2,390.32"
140,"2,408.77","2,400.52","2,419.03","2,395.53","2,397.94","2,429.52"
141,"2,387.92","2,359.00","2,426.68","2,381.29","2,419.40","2,450.39"
142,"2,346.14","2,392.55","2,447.45","2,379.53","2,433.91","2,454.54"
143,"2,383.73","2,421.37","2,455.39","2,399.95","2,430.09","2,479.32"
144,"2,412.40","2,433.03","2,438.60","2,393.32","2,433.70","2,483.85"
145,"2,421.92","2,454.05","2,442.05","2,408.33","2,432.54","2,470.98"
146,"2,441.96","2,462.90","2,454.02","2,413.67","2,416.42","2,473.36"
147,"2,449.92","2,448.96","2,439.27","2,408.87","2,430.15","2,483.27"
148,"2,434.69","2,449.81","2,435.90","2,407.17","2,414.77","2,469.17"
149,"2,436.91","2,458.80","2,453.62","2,410.37","2,436.89","2,465.51"
150,"2,446.43","2,446.08","2,444.46","2,416.37","2,423.27","2,483.93"
151,"2,433.37","2,441.86","2,459.29","2,418.47","2,372.86","2,473.43"
152,"2,429.98","2,457.11","2,465.10","2,416.55","2,292.93","2,489.35"
153,"2,445.33","2,450.77","2,463.20","2,381.34","2,262.94","2,491.27"
154,"2,438.56","2,464.28","2,464.79","2,347.11","2,277.11","2,489.72"
155,"2,452.35","2,470.72","2,470.71","2,357.36","2,297.14","2,490.65"
156,"2,458.43","2,470.49","2,479.05","2,403.54","2,282.33","2,495.92"
157,"2,457.50","2,472.26","2,483.93","2,442.08","2,256.69","2,503.39"
158,"2,459.37","2,477.79","2,485.23","2,450.36","2,194.05","2,506.26"
159,"2,464.85","2,485.87","2,452.12","2,447.75","2,194.25","2,509.43"
160,"2,472.80","2,491.18","2,416.18","2,415.18","2,190.72","2,491.20"
161,"2,478.03","2,493.58","2,418.60","2,432.61","2,243.31","2,465.45"
162,"2,479.64","2,465.02","2,453.27","2,449.69","2,247.87","2,465.94"
163,"2,451.03","2,429.96","2,484.28","2,446.40","2,297.38","2,487.04"
164,"2,418.00","2,427.06","2,494.25","2,450.85","2,335.52","2,509.73"
165,"2,417.22","2,455.91","2,499.73","2,462.36","2,387.97","2,516.78"
166,"2,447.37","2,486.86","2,476.09","2,464.52","2,408.70","2,523.40"
167,"2,476.92","2,500.97","2,498.76","2,447.41","2,407.87","2,508.48"
168,"2,488.79","2,508.96","2,515.78","2,439.87","2,409.72","2,532.05"
169,"2,495.30","2,489.04","2,512.01","2,431.71","2,420.84","2,542.01"
170,"2,474.60","2,506.01","2,515.90","2,413.17","2,458.79","2,537.31"
171,"2,493.32","2,520.15","2,525.72","2,429.26","2,471.76","2,539.69"
172,"2,507.97","2,517.87","2,526.53","2,420.23","2,464.34","2,547.70"
173,"2,504.77","2,521.06","2,508.33","2,450.69","2,460.34","2,547.39"
174,"2,508.01","2,529.61","2,498.89","2,447.67","2,450.76","2,537.06"
175,"2,516.41","2,531.37","2,485.25","2,410.36","2,439.64","2,532.20"
176,"2,517.54","2,516.11","2,458.95","2,348.81","2,419.10","2,521.84"
177,"2,502.09","2,506.64","2,467.16","2,343.69","2,415.80","2,502.26"
178,"2,493.46","2,492.95","2,450.21","2,384.56","2,415.97","2,507.12"
179,"2,480.97","2,468.07","2,477.75","2,425.55","2,393.30","2,492.32"
180,"2,456.68","2,472.95","2,476.21","2,421.15","2,418.42","2,513.20"
181,"2,462.97","2,458.94","2,445.46","2,395.55","2,439.71","2,511.25"
182,"2,448.21","2,483.79","2,391.56","2,327.17","2,465.00","2,490.24"
183,"2,473.79","2,486.53","2,388.67","2,318.47","2,492.70","2,447.40"
184,"2,474.78","2,462.10","2,425.18","2,302.53","2,527.20","2,446.61"
185,"2,449.32","2,414.30","2,464.46","2,336.76","2,557.84","2,470.28"
186,"2,400.31","2,406.64","2,467.85","2,315.00","2,585.19","2,499.78"
187,"2,396.72","2,436.41","2,455.97","2,334.72","2,604.65","2,501.91"
188,"2,428.83","2,474.33","2,399.66","2,341.91","2,601.26","2,494.93"
189,"2,466.12","2,483.18","2,396.19","2,365.83","2,567.67","2,442.87"
190,"2,472.16","2,475.23","2,375.23","2,362.86","2,572.21","2,445.13"
191,"2,462.57","2,425.04","2,401.93","2,346.19","2,593.16","2,418.16"
192,"2,410.82","2,416.12","2,375.63","2,342.48","2,591.50","2,445.72"
193,"2,404.98","2,394.44","2,394.53","2,357.52","2,588.27","2,412.43"
194,"2,383.95","2,416.40","2,402.30","2,407.59","2,554.78","2,437.29"
195,"2,407.61","2,396.73","2,427.01","2,438.05","2,535.32","2,447.81"
196,"2,386.05","2,413.95","2,426.11","2,450.93","2,505.08","2,469.82"
197,"2,404.55","2,422.98","2,410.84","2,470.37","2,465.89","2,463.85"
198,"2,412.62","2,445.01","2,406.21","2,486.51","2,446.80","2,447.03"
199,"2,436.05","2,445.13","2,416.31","2,500.57","2,443.60","2,444.39"
200,"2,434.96","2,430.89","2,457.90","2,502.57","2,359.14","2,454.61"
201,"2,419.56","2,424.27","2,480.98","2,517.05","2,389.81","2,495.92"
202,"2,413.13","2,430.97","2,491.03","2,528.96","2,355.48","2,512.94"
203,"2,420.37","2,466.67","2,508.83","2,510.38","2,333.86","2,522.24"
204,"2,457.34","2,489.08","2,522.37","2,531.51","2,379.46","2,540.23"
205,"2,479.15","2,500.16","2,533.47","2,542.01","2,378.92","2,549.68"
206,"2,488.33","2,515.80","2,532.38","2,549.48","2,415.65","2,558.75"
207,"2,503.62","2,527.20","2,543.72","2,554.23","2,481.27","2,555.17"
208,"2,514.62","2,536.53","2,551.65","2,562.76","2,516.54","2,567.23"
209,"2,523.32","2,535.59","2,530.75","2,567.02","2,513.64","2,569.82"
210,"2,521.75","2,544.95","2,550.83","2,569.49","2,536.98","2,552.85"
211,"2,531.46","2,551.90","2,559.98","2,567.56","2,531.39","2,579.00"
212,"2,538.69","2,534.74","2,569.11","2,547.12","2,515.10","2,583.83"
213,"2,520.61","2,551.12","2,578.17","2,503.25","2,545.64","2,591.35"
214,"2,538.16","2,560.37","2,592.86","2,507.70","2,535.74","2,599.04"
215,"2,547.20","2,570.23","2,604.49","2,535.11","2,507.62","2,616.29"
216,"2,556.88","2,579.73","2,614.79","2,541.79","2,463.90","2,625.40"
217,"2,566.07","2,593.85","2,621.31","2,547.51","2,479.72","2,633.62"
218,"2,579.87","2,605.30","2,608.97","2,525.02","2,492.11","2,637.28"
219,"2,591.26","2,615.23","2,570.53","2,519.78","2,496.54","2,629.30"
220,"2,600.95","2,621.84","2,575.88","2,506.81","2,511.34","2,604.47"
221,"2,607.16","2,612.03","2,599.69","2,485.71","2,508.89","2,606.82"
222,"2,596.52","2,577.90","2,605.48","2,483.74","2,509.12","2,626.35"
223,"2,562.61","2,578.55","2,615.99","2,493.43","2,508.68","2,626.02"
224,"2,566.19","2,598.05","2,602.00","2,414.83","2,509.36","2,637.09"
225,"2,586.41","2,605.72","2,606.02","2,448.47","2,532.51","2,627.84"
226,"2,593.10","2,617.72","2,599.68","2,411.23","2,548.97","2,633.71"
227,"2,604.24","2,608.06","2,582.52","2,380.94","2,512.31","2,627.75"
228,"2,593.57","2,611.66","2,583.12","2,413.25","2,512.65","2,615.43"
229,"2,597.55","2,606.03","2,593.56","2,393.40","2,512.72","2,617.05"
230,"2,592.37","2,590.03","2,516.36","2,408.20","2,508.20","2,624.75"
231,"2,576.94","2,589.31","2,548.21","2,450.51","2,536.16","2,566.61"
232,"2,576.58","2,598.65","2,505.90","2,462.09","2,551.30","2,597.31"
233,"2,586.14","2,533.13","2,472.97","2,437.02","2,514.87","2,545.78"
234,"2,518.64","2,555.35","2,503.42","2,445.58","2,497.69","2,510.21"
235,"2,545.66","2,519.47","2,484.52","2,432.76","2,448.19","2,548.55"
236,"2,507.51","2,490.15","2,505.24","2,416.55","2,409.20","2,523.03"
237,"2,478.24","2,516.17","2,552.14","2,454.90","2,369.98","2,552.46"
238,"2,506.22","2,503.72","2,570.89","2,458.19","2,308.46","2,606.95"
239,"2,492.16","2,523.72","2,555.74","2,447.37","2,264.58","2,617.56"
240,"2,513.58","2,565.66","2,569.82","2,425.96","2,216.03","2,594.80"
241,"2,557.03","2,584.39","2,555.44","2,468.41","2,186.68","2,615.38"
242,"2,574.76","2,572.21","2,534.79","2,509.58","2,162.33","2,591.33"
243,"2,559.92","2,581.82","2,561.86","2,539.92","2,207.16","2,571.01"
244,"2,569.54","2,567.50","2,551.31","2,574.85","2,265.39","2,612.41"
245,"2,554.59","2,548.23","2,530.85","2,586.08","2,296.98","2,586.99"
246,"2,534.39","2,569.42","2,501.09","2,592.41","2,363.72","2,566.04"
247,"2,557.66","2,561.01","2,532.23","2,591.30","2,407.03","2,535.29"
248,"2,549.69","2,544.71","2,559.52","2,584.97","2,400.74","2,584.38"
249,"2,531.85","2,519.47","2,579.62","2,595.58","2,430.01","2,609.67"
250,"2,505.41","2,544.83","2,608.02","2,596.34","2,480.68","2,626.19"
251,"2,533.94","2,569.12","2,616.30","2,543.90","2,546.73","2,660.44"
252,"2,559.95","2,588.11","2,622.23","2,528.58","2,541.69","2,656.15"
253,"2,578.77","2,613.47","2,621.05","2,517.65","2,506.39","2,659.50"
254,"2,603.45","2,621.22","2,614.92","2,503.34","2,478.23","2,653.50"
255,"2,609.96","2,626.43","2,624.58","2,523.37","2,491.99","2,645.91"
256,"2,613.47","2,624.88","2,623.38","2,531.65","2,469.97","2,660.78"
257,"2,611.19","2,619.25","2,571.44","2,489.46","2,446.24","2,656.49"
258,"2,605.07","2,627.14","2,559.93","2,468.04","2,349.49","2,600.53"
259,"2,613.35","2,626.83","2,548.84","2,420.80","2,278.45","2,599.43"
260,"2,613.32","2,583.69","2,536.19","2,389.75","2,203.29","2,587.73"
261,"2,568.46","2,572.28","2,558.45","2,363.71","2,173.02","2,584.38"
262,"2,558.40","2,561.86","2,570.42","2,319.68","2,187.81","2,609.88"
263,"2,549.20","2,552.41","2,536.60","2,291.57","2,175.09","2,615.37"
264,"2,539.15","2,572.40","2,527.62","2,257.82","2,142.97","2,576.47"
265,"2,561.93","2,584.67","2,488.44","2,242.62","2,176.84","2,577.52"
266,"2,574.96","2,557.64","2,463.39","2,227.62","2,204.32","2,528.67"
267,"2,545.29","2,549.22","2,439.10","2,274.67","2,226.92","2,504.01"
268,"2,536.35","2,514.16","2,399.33","2,323.63","2,229.84","2,475.86"
269,"2,500.67","2,490.19","2,378.99","2,332.05","2,248.03","2,427.56"
270,"2,477.53","2,467.28","2,353.62","2,365.18","2,321.69","2,437.60"
271,"2,455.34","2,433.38","2,343.69","2,373.53","2,357.25","2,404.92"
272,"2,420.20","2,417.81","2,333.06","2,335.65","2,362.56","2,399.21"
273,"2,403.30","2,396.71","2,383.21","2,341.80","2,354.07","2,384.53"
274,"2,385.04","2,386.79","2,434.67","2,382.75","2,383.45","2,443.47"
275,"2,377.91","2,375.98","2,449.14","2,447.14","2,428.93","2,494.64"
276,"2,367.99","2,418.80","2,484.36","2,448.34","2,460.28","2,495.35"
277,"2,412.57","2,465.10","2,491.00","2,424.62","2,483.83","2,532.23"
278,"2,460.02","2,479.00","2,450.75","2,414.52","2,483.17","2,532.23"
279,"2,472.15","2,506.55","2,444.69","2,451.64","2,492.72","2,485.21"
280,"2,499.00","2,510.70","2,462.86","2,460.30","2,464.13","2,477.26"
281,"2,499.50","2,475.24","2,499.11","2,469.59","2,464.24","2,499.24"
282,"2,459.06","2,463.27","2,474.71","2,411.57","2,460.55","2,538.27"
283,"2,450.92","2,474.54","2,435.67","2,378.50","2,459.88","2,493.40"
284,"2,464.55","2,504.48","2,415.52","2,346.84","2,477.02","2,445.77"
285,"2,496.46","2,485.96","2,440.53","2,350.68","2,464.74","2,435.98"
286,"2,475.13","2,453.58","2,438.76","2,394.20","2,429.04","2,477.13"
287,"2,439.98","2,435.57","2,441.19","2,401.40","2,424.07","2,477.12"
288,"2,421.66","2,455.45","2,384.99","2,373.66","2,443.78","2,477.82"
289,"2,444.95","2,456.51","2,356.54","2,390.15","2,426.53","2,403.83"
290,"2,445.16","2,458.64","2,324.71","2,384.86","2,400.61","2,378.78"
291,"2,449.19","2,412.97","2,332.59","2,360.74","2,401.28","2,333.63"
292,"2,398.41","2,385.52","2,375.31","2,307.27","2,399.48","2,372.75"
293,"2,372.47","2,355.58","2,383.39","2,274.43","2,370.31","2,426.43"
294,"2,343.71","2,362.40","2,363.46","2,300.44","2,358.93","2,422.79"
295,"2,351.52","2,399.06","2,389.59","2,298.52","2,379.91","2,385.30"
296,"2,393.94","2,407.97","2,389.43","2,276.62","2,368.70","2,429.65"
297,"2,402.11","2,391.42","2,372.41","2,249.47","2,363.66","2,412.45"
298,"2,382.36","2,411.35","2,326.10","2,267.43","2,399.74","2,389.68"
299,"2,402.90","2,409.48","2,301.52","2,308.50","2,413.97","2,315.76"
300,"2,400.54","2,394.11","2,331.03","2,342.15","2,392.32","2,301.12"
301,"2,382.63","2,353.29","2,329.94","2,373.43","2,334.58","2,362.39"
302,"2,339.40","2,329.97","2,312.30","2,386.80","2,316.60","2,352.03"
303,"2,316.59","2,353.16","2,293.29","2,413.29","2,266.12","2,319.57"
304,"2,343.82","2,353.15","2,317.45","2,407.20","2,245.28","2,299.14"
305,"2,344.83","2,338.21","2,359.36","2,427.98","2,277.92","2,347.69"
306,"2,329.23","2,321.01","2,392.94","2,447.88","2,230.54","2,404.14"
307,"2,310.61","2,339.77","2,424.57","2,468.31","2,206.69","2,435.68"
308,"2,331.31","2,374.57","2,438.19","2,500.99","2,208.38","2,466.14"
309,"2,369.03","2,403.37","2,463.85","2,500.61","2,258.89","2,463.36"
310,"2,398.43","2,430.12","2,455.02","2,470.97","2,230.85","2,492.71"
311,"2,424.21","2,441.18","2,473.40","2,463.53","2,206.93","2,461.39"
312,"2,432.84","2,461.69","2,487.66","2,474.91","2,159.11","2,496.01"
313,"2,452.13","2,453.71","2,502.73","2,451.95","2,140.02","2,506.39"
314,"2,441.84","2,468.55","2,530.06","2,416.69","2,115.14","2,524.72"
315,"2,456.47","2,480.80","2,526.72","2,406.77","2,097.47","2,559.44"
316,"2,469.16","2,494.90","2,498.92","2,397.63","2,141.67","2,540.85"
317,"2,483.10","2,519.17","2,496.69","2,361.20","2,158.11","2,501.29"
318,"2,508.41","2,518.53","2,509.90","2,339.95","2,203.63","2,511.27"
319,"2,506.27","2,496.64","2,488.19","2,349.42","2,177.08","2,531.91"
320,"2,482.15","2,495.21","2,460.47","2,326.25","2,155.08","2,497.10"
321,"2,480.70","2,506.81","2,457.70","2,305.54","2,143.38","2,470.68"
322,"2,494.29","2,490.33","2,452.76","2,324.89","2,170.53","2,479.62"
323,"2,477.30","2,468.69","2,422.11","2,324.53","2,162.36","2,472.20"
324,"2,454.39","2,466.72","2,408.24","2,288.83","2,177.56","2,433.12"
325,"2,453.89","2,463.10","2,424.04","2,221.63","2,217.06","2,424.95"
326,"2,451.72","2,438.20","2,407.25","2,197.23","2,271.66","2,454.76"
327,"2,425.68","2,425.93","2,397.39","2,145.82","2,284.37","2,424.61"
328,"2,414.32","2,439.30","2,425.07","2,126.50","2,280.88","2,421.46"
329,"2,429.54","2,426.02","2,432.86","2,160.97","2,301.68","2,463.15"
330,"2,415.96","2,418.09","2,406.89","2,116.70","2,284.52","2,460.21"
331,"2,407.42","2,440.89","2,354.99","2,091.36","2,283.91","2,420.68"
332,"2,432.29","2,447.85","2,343.92","2,091.93","2,287.66","2,354.33"
333,"2,439.79","2,425.74","2,301.75","2,139.92","2,269.37","2,369.30"
334,"2,415.33","2,381.14","2,289.24","2,114.31","2,217.85","2,301.41"
335,"2,367.08","2,369.95","2,323.59","2,095.68","2,142.64","2,305.28"
336,"2,356.39","2,332.87","2,283.31","2,061.80","2,045.66","2,361.69"
337,"2,319.80","2,320.22","2,269.44","2,058.12","1,985.12","2,276.45"
338,"2,309.83","2,348.33","2,274.49","2,051.99","1,975.63","2,290.90"
339,"2,342.18","2,316.21","2,316.22","2,051.53","1,921.58","2,301.07"
340,"2,306.99","2,305.24","2,281.85","2,105.61","1,898.04","2,368.74"
341,"2,294.30","2,306.89","2,257.75","2,136.97","1,926.66","2,281.85"
342,"2,299.10","2,340.40","2,212.20","2,188.87","1,943.93","2,265.14"
343,"2,335.37","2,311.83","2,194.65","2,174.04","1,977.97","2,188.08"
344,"2,303.20","2,290.46","2,168.86","2,157.67","2,050.46","2,192.99"
345,"2,279.22","2,249.05","2,149.52","2,149.37","2,096.26","2,154.78"
346,"2,235.98","2,230.77","2,181.03","2,181.02","2,106.32","2,155.06"
347,"2,219.29","2,205.98","2,184.96","2,183.29","2,113.80","2,210.60"
348,"2,195.95","2,187.88","2,215.11","2,205.41","2,109.64","2,199.20"
349,"2,178.26","2,211.77","2,179.03","2,249.19","2,127.90","2,244.51"
350,"2,207.99","2,214.25","2,156.48","2,306.91","2,137.56","2,154.00"
351,"2,210.79","2,238.43","2,142.73","2,326.64","2,149.66","2,144.47"
352,"2,235.53","2,207.48","2,165.78","2,326.79","2,177.47","2,144.71"
353,"2,199.29","2,186.91","2,156.38","2,346.36","2,181.32","2,182.71"
354,"2,175.87","2,172.09","2,170.48","2,334.01","2,157.40","2,161.39"
355,"2,161.59","2,188.25","2,205.35","2,336.00","2,126.41","2,184.84"
356,"2,182.70","2,179.87","2,252.06","2,341.26","2,094.31","2,229.51"
357,"2,172.87","2,190.06","2,261.21","2,328.40","2,061.31","2,285.42"
358,"2,184.50","2,217.87","2,257.38","2,284.98","2,077.03","2,269.07"
359,"2,214.48","2,256.73","2,279.84","2,218.66","2,065.46","2,251.77"
360,"2,254.46","2,265.08","2,267.41","2,131.06","2,096.28","2,296.17"
361,"2,259.61","2,261.21","2,271.96","2,075.58","2,113.99","2,258.52"
362,"2,252.64","2,279.58","2,281.50","2,066.48","2,130.69","2,265.70"
363,"2,270.23","2,269.23","2,271.84","2,015.26","2,124.57","2,288.61"
364,"2,258.42","2,271.87","2,235.41","1,983.66","2,128.46","2,263.89"
365,"2,262.03","2,280.67","2,183.16","1,996.54","2,115.10","2,209.49"
366,"2,270.30","2,273.29","2,114.70","1,995.60","2,157.50","2,144.01"
367,"2,263.02","2,243.20","2,078.92","2,006.62","2,196.76","2,057.56"
368,"2,230.57","2,199.60","2,081.46","2,052.52","2,238.94","2,050.08"
369,"2,184.14","2,142.05","2,041.45","2,076.36","2,256.30","2,080.86"
370,"2,124.09","2,110.23","2,025.72","2,067.90","2,257.15","2,009.94"
371,"2,095.94","2,110.34","2,049.21","2,058.22","2,285.49","2,017.35"
372,"2,103.09","2,077.39","2,054.06","2,042.30","2,296.58","2,064.87"
373,"2,069.14","2,063.15","2,070.34","2,052.88","2,293.10","2,062.59"
374,"2,056.30","2,080.58","2,116.25","2,061.55","2,294.43","2,084.36"
375,"2,078.46","2,083.48","2,134.78","2,078.23","2,275.51","2,149.71"
376,"2,081.47","2,095.31","2,121.15","2,113.51","2,302.48","2,143.00"
377,"2,093.40","2,132.24","2,112.21","2,130.58","2,308.97","2,099.40"
378,"2,131.97","2,146.72","2,094.16","2,123.77","2,325.61","2,095.99"
379,"2,145.05","2,133.68","2,101.14","2,110.99","2,331.73","2,075.96"
380,"2,127.29","2,124.62","2,102.89","2,097.64","2,332.10","2,099.54"
381,"2,115.02","2,107.67","2,110.86","2,083.93","2,305.22","2,105.66"
382,"2,096.52","2,111.87","2,137.41","2,115.04","2,300.01","2,110.41"
383,"2,102.96","2,113.16","2,144.56","2,123.18","2,263.68","2,144.30"
384,"2,105.28","2,119.17","2,130.51","2,164.02","2,205.13","2,141.69"
385,"2,113.43","2,141.28","2,113.94","2,190.26","2,189.99","2,115.41"
386,"2,136.80","2,148.10","2,099.20","2,209.48","2,193.41","2,096.04"
387,"2,142.11","2,136.42","2,084.41","2,204.25","2,221.82","2,086.96"
388,"2,127.88","2,121.40","2,113.29","2,203.04","2,167.89","2,078.03"
389,"2,111.53","2,108.19","2,112.90","2,183.85","2,131.60","2,118.56"
390,"2,097.74","2,095.23","2,151.49","2,213.52","2,103.49","2,102.70"
391,"2,085.12","2,118.75","2,173.08","2,241.55","2,082.71","2,161.36"
392,"2,113.44","2,119.28","2,190.83","2,272.57","2,068.72","2,177.51"
393,"2,114.15","2,153.18","2,183.53","2,280.49","2,056.28","2,198.69"
394,"2,148.98","2,173.72","2,185.18","2,272.76","2,042.11","2,176.24"
395,"2,168.19","2,190.61","2,166.74","2,291.49","2,074.97","2,178.78"
396,"2,183.07","2,184.68","2,198.63","2,297.14","2,098.42","2,151.89"
397,"2,175.49","2,185.42","2,224.22","2,289.76","2,141.50","2,208.53"
398,"2,175.44","2,169.01","2,252.63","2,289.72","2,180.63","2,235.97"
399,"2,157.88","2,194.90","2,259.63","2,272.71","2,125.88","2,267.10"
400,"2,186.71","2,218.24","2,254.27","2,300.63","2,115.65","2,261.70"
401,"2,211.08","2,244.63","2,277.30","2,313.06","2,104.27","2,248.56"
402,"2,237.69","2,252.97","2,285.14","2,333.27","2,086.97","2,284.93"
403,"2,243.79","2,249.48","2,282.82","2,343.47","2,092.44","2,283.22"
404,"2,238.38","2,268.69","2,286.84","2,347.21","2,077.56","2,281.68"
405,"2,258.79","2,276.68","2,275.16","2,324.18","2,052.51","2,281.00"
406,"2,266.23","2,277.25","2,307.14","2,321.34","2,020.70","2,268.47"
407,"2,264.77","2,281.13","2,319.02","2,289.40","1,975.62","2,320.10"
408,"2,270.08","2,272.69","2,342.60","2,235.73","1,939.56","2,317.89"
409,"2,260.65","2,299.78","2,356.43","2,224.19","1,918.08","2,357.89"
410,"2,290.53","2,311.65","2,365.10","2,230.76","1,938.85","2,366.72"
411,"2,302.58","2,334.53","2,347.82","2,258.88","1,911.36","2,371.04"
412,"2,324.33","2,348.87","2,351.15","2,206.24","1,880.09","2,351.11"
413,"2,337.72","2,358.24","2,321.48","2,166.69","1,907.98","2,356.39"
414,"2,346.18","2,344.99","2,272.11","2,135.77","1,969.80","2,323.53"
415,"2,331.34","2,347.41","2,262.48","2,113.15","1,987.73","2,273.75"
416,"2,334.73","2,322.12","2,267.03","2,095.57","1,993.35","2,269.32"
417,"2,308.91","2,279.51","2,292.55","2,079.86","1,963.12","2,277.39"
418,"2,265.02","2,268.10","2,239.44","2,061.33","1,949.19","2,310.70"
419,"2,257.13","2,271.39","2,211.50","2,085.84","1,941.65","2,233.12"
420,"2,262.56","2,294.92","2,188.24","2,100.77","1,940.97","2,217.71"
421,"2,288.07","2,252.83","2,171.19","2,134.32","1,967.73","2,193.24"
422,"2,242.41","2,229.59","2,160.05","2,165.36","1,963.48","2,176.45"
423,"2,217.77","2,207.59","2,146.47","2,107.76","1,994.15","2,179.51"
424,"2,197.08","2,191.34","2,133.04","2,093.13","2,025.69","2,157.30"
425,"2,182.50","2,182.00","2,161.43","2,082.81","2,021.01","2,148.04"
426,"2,173.07","2,168.71","2,177.91","2,070.03","2,009.13","2,188.54"
427,"2,162.38","2,156.91","2,211.13","2,080.57","2,027.70","2,204.73"
428,"2,150.13","2,180.79","2,238.91","2,075.32","2,051.06","2,240.48"
429,"2,175.86","2,196.31","2,178.40","2,062.72","2,081.43","2,264.39"
430,"2,191.31","2,225.03","2,167.01","2,043.44","2,085.26","2,167.18"
431,"2,221.17","2,248.96","2,150.53","2,011.49","2,079.34","2,174.66"
432,"2,244.38","2,197.74","2,130.00","1,988.84","2,103.80","2,150.87"
433,"2,186.44","2,184.30","2,131.53","1,980.18","2,103.60","2,132.17"
434,"2,173.30","2,166.52","2,114.88","2,008.80","2,100.99","2,147.02"
435,"2,156.79","2,147.43","2,091.50","1,994.05","2,060.20","2,121.42"
436,"2,137.78","2,147.70","2,067.76","1,971.65","2,020.23","2,085.36"
437,"2,140.01","2,133.29","2,033.45","1,998.03","2,022.80","2,064.07"
438,"2,126.10","2,112.07","2,009.39","2,054.80","2,033.45","2,027.81"
439,"2,105.18","2,091.24","1,997.56","2,069.38","2,043.84","2,005.46"
440,"2,082.94","2,061.38","2,024.01","2,069.00","2,012.89","2,002.63"
441,"2,051.46","2,038.86","2,003.73","2,032.24","2,078.93","2,044.06"
442,"2,030.64","2,026.22","1,981.00","2,008.57","2,122.48","2,000.55"
443,"2,020.59","2,048.03","2,009.29","1,992.43","2,130.37","1,972.29"
444,"2,045.60","2,031.84","2,061.12","1,984.87","2,151.02","2,023.50"
445,"2,027.14","2,011.45","2,068.41","2,001.56","2,146.67","2,088.39"
446,"2,005.11","2,033.36","2,063.45","1,997.10","2,136.08","2,083.85"
447,"2,029.78","2,076.61","2,026.33","2,023.07","2,143.82","2,063.69"
448,"2,076.72","2,084.59","2,005.34","2,053.30","2,138.76","2,004.78"
449,"2,080.80","2,078.83","1,989.17","2,051.26","2,156.08","1,988.51"
450,"2,073.12","2,045.25","1,979.91","2,042.45","2,171.60","1,975.25"
451,"2,034.91","2,023.56","1,997.14","2,060.27","2,176.85","1,969.25"
452,"2,013.39","2,006.75","1,985.78","2,086.08","2,146.37","2,017.94"
453,"1,997.94","1,996.54","2,013.55","2,118.91","2,131.65","1,969.38"
454,"1,989.97","2,012.06","2,040.05","2,128.32","2,164.88","2,022.99"
455,"2,006.09","2,001.68","2,036.10","2,126.64","2,181.92","2,047.06"
456,"1,998.25","2,025.52","2,027.87","2,149.99","2,179.14","2,030.45"
457,"2,022.81","2,047.99","2,049.41","2,152.57","2,142.73","2,014.63"
458,"2,046.05","2,045.79","2,073.23","2,151.94","2,105.84","2,061.13"
459,"2,039.95","2,037.74","2,103.08","2,115.51","2,090.37","2,083.77"
460,"2,030.27","2,055.20","2,108.04","2,076.82","2,099.20","2,120.64"
461,"2,048.16","2,074.96","2,105.61","2,077.97","2,088.93","2,105.58"
462,"2,069.92","2,100.91","2,130.92","2,088.70","2,105.90","2,094.09"
463,"2,095.97","2,105.82","2,132.14","2,099.15","2,132.36","2,143.66"
464,"2,099.20","2,103.66","2,131.10","2,070.33","2,125.78","2,128.36"
465,"2,095.13","2,125.33","2,095.44","2,127.55","2,077.22","2,121.00"
466,"2,116.80","2,127.58","2,065.90","2,167.31","2,042.43","2,066.23"
467,"2,118.49","2,127.04","2,072.47","2,171.85","2,018.39","2,045.03"
468,"2,117.80","2,097.52","2,084.98","2,184.99","2,012.40","2,070.30"
469,"2,085.67","2,073.10","2,095.67","2,174.84","2,039.54","2,089.50"
470,"2,059.53","2,077.49","2,069.28","2,158.00","2,019.92","2,101.12"
471,"2,067.93","2,089.21","2,130.11","2,160.52","2,022.31","2,056.26"
472,"2,082.12","2,099.97","2,166.13","2,153.44","2,019.39","2,173.72"
473,"2,093.70","2,079.22","2,169.16","2,167.90","2,003.89","2,195.85"
474,"2,070.12","2,129.50","2,184.78","2,182.59","2,030.81","2,174.55"
475,"2,125.73","2,161.72","2,177.65","2,188.21","2,034.37","2,195.73"
476,"2,158.14","2,166.39","2,166.42","2,160.08","2,033.73","2,174.64"
477,"2,159.11","2,179.98","2,171.82","2,146.95","2,050.51","2,165.92"
478,"2,171.18","2,174.83","2,166.17","2,178.99","2,037.36","2,175.76"
479,"2,163.50","2,166.26","2,181.76","2,199.34","2,072.39","2,166.34"
480,"2,152.89","2,170.32","2,195.86","2,198.89",,"2,195.82"
481,"2,159.15","2,166.50","2,201.93","2,165.98",,"2,209.26"
482,"2,155.55","2,180.41","2,176.16","2,132.46",,"2,209.23"
483,"2,170.94","2,193.78","2,168.25","2,119.94",,"2,174.54"
484,"2,185.03","2,200.62","2,202.21","2,130.79",,"2,171.61"
485,"2,191.33","2,180.10","2,219.70","2,123.62",,"2,239.12"
486,"2,168.26","2,172.78","2,220.33","2,139.26",,"2,238.33"
487,"2,161.51","2,201.76","2,189.71","2,164.22",,"2,235.67"
488,"2,192.92","2,217.98","2,160.69","2,156.05",,"2,192.89"
489,"2,211.11","2,221.47","2,151.62","2,106.25",,"2,160.80"
490,"2,211.73","2,196.02","2,161.84","2,069.28",,"2,156.61"
491,"2,184.25","2,169.81","2,152.51","2,044.78",,"2,173.56"
492,"2,157.55","2,160.20","2,169.06","2,038.53",,"2,157.26"
493,"2,149.47","2,167.96","2,190.80","2,063.91",,"2,188.64"
494,"2,159.73","2,160.94","2,183.80","2,044.67",,"2,205.02"
495,"2,152.75","2,176.16","2,139.58","2,044.38",,"2,192.28"
496,"2,168.59","2,194.89","2,110.69","2,040.24",,"2,137.02"
497,"2,189.60","2,191.41","2,089.74","2,025.23",,"2,113.19"
498,"2,182.92","2,154.53","2,084.15","2,049.52",,"2,092.54"
499,"2,142.15","2,127.68","2,106.89","2,052.97",,"2,095.64"
500,"2,115.26","2,106.80","2,085.81","2,052.85",,"2,127.05"
501,"2,096.39","2,100.21","2,088.06","2,069.00",,"2,096.21"
502,"2,092.08","2,118.97","2,084.08","2,058.21",,"2,108.12"
503,"2,114.21","2,103.18","2,067.83","2,091.35",,"2,099.36"
504,"2,095.69","2,105.26","2,091.53",,,"2,073.78"
505,"2,098.31","2,100.84","2,091.36",,,"2,111.16"
506,"2,094.25","2,085.23","2,086.62",,,"2,105.90"
507,"2,078.15","2,104.04","2,099.73",,,"2,097.01"
508,"2,098.53","2,104.53","2,084.44",,,"2,114.32"
509,"2,098.03","2,099.83","2,114.63",,,"2,089.03"
510,"2,093.29","2,110.27",,,,"2,135.95"
511,"2,104.11","2,097.11",,,,"2,135.70"
512,"2,089.12","2,122.02",,,,"2,151.31"
513,"2,115.60",,,,,